<?xml version="1.0" encoding="UTF-8" ?>
<!DOCTYPE mapper
        PUBLIC "-//mybatis.org//DTD Mapper 3.0//EN"
        "http://mybatis.org/dtd/mybatis-3-mapper.dtd">
<mapper namespace="com.dorm.mapper.BuildingMapper">

    <select id="findAll" resultType="Building">
        SELECT * FROM building
    </select>

    <select id="findById" parameterType="int" resultType="Building">
        SELECT * FROM building WHERE id = #{id}
    </select>

    <insert id="insert" parameterType="Building" useGeneratedKeys="true" keyProperty="id">
        INSERT INTO building(code, name, floors, remark)
        VALUES (#{code}, #{name}, #{floors}, #{remark})
    </insert>

    <update id="update" parameterType="Building">
        UPDATE building
        SET code = #{code},
        name = #{name},
        floors = #{floors},
        remark = #{remark}
        WHERE id = #{id}
    </update>

    <delete id="delete" parameterType="int">
        DELETE FROM building WHERE id = #{id}
    </delete>

</mapper>
