<?xml version="1.0" encoding="UTF-8" ?>
<!DOCTYPE mapper
        PUBLIC "-//mybatis.org//DTD Mapper 3.0//EN"
        "http://mybatis.org/dtd/mybatis-3-mapper.dtd">
<mapper namespace="com.dorm.mapper.DormRoomMapper">

    <resultMap id="DormWithBuildingResultMap" type="DormRoom">
        <id property="id" column="id"/>
        <result property="buildingId" column="building_id"/>
        <result property="roomNo" column="room_no"/>
        <result property="bedCount" column="bed_count"/>
        <result property="occupiedCount" column="occupied_count"/>
        <result property="status" column="status"/>
        <association property="building" javaType="Building">
            <id property="id" column="b_id"/>
            <result property="code" column="code"/>
            <result property="name" column="b_name"/>
            <result property="floors" column="floors"/>
            <result property="remark" column="remark"/>
        </association>
    </resultMap>

    <select id="findAllWithBuilding" resultMap="DormWithBuildingResultMap">
        SELECT d.*, b.id AS b_id, b.code, b.name AS b_name, b.floors, b.remark
        FROM dorm_room d
        LEFT JOIN building b ON d.building_id = b.id
    </select>

    <select id="findById" parameterType="int" resultMap="DormWithBuildingResultMap">
        SELECT d.*, b.id AS b_id, b.code, b.name AS b_name, b.floors, b.remark
        FROM dorm_room d
        LEFT JOIN building b ON d.building_id = b.id
        WHERE d.id = #{id}
    </select>

    <insert id="insert" parameterType="DormRoom" useGeneratedKeys="true" keyProperty="id">
        INSERT INTO dorm_room(building_id, room_no, bed_count, occupied_count, status)
        VALUES (#{buildingId}, #{roomNo}, #{bedCount}, #{occupiedCount}, #{status})
    </insert>

    <update id="update" parameterType="DormRoom">
        UPDATE dorm_room
        SET building_id = #{buildingId},
        room_no = #{roomNo},
        bed_count = #{bedCount},
        occupied_count = #{occupiedCount},
        status = #{status}
        WHERE id = #{id}
    </update>

    <delete id="delete" parameterType="int">
        DELETE FROM dorm_room WHERE id = #{id}
    </delete>

    <select id="findAvailableDorms" resultType="DormRoom">
        SELECT * FROM dorm_room
        WHERE bed_count > occupied_count
    </select>

    <update id="increaseOccupied" parameterType="int">
        UPDATE dorm_room
        SET occupied_count = occupied_count + 1
        WHERE id = #{id}
    </update>

    <update id="decreaseOccupied" parameterType="int">
        UPDATE dorm_room
        SET occupied_count = occupied_count - 1
        WHERE id = #{id}
        AND occupied_count > 0
    </update>

</mapper>
