<?xml version="1.0" encoding="UTF-8" ?>
<!DOCTYPE mapper
        PUBLIC "-//mybatis.org//DTD Mapper 3.0//EN"
        "http://mybatis.org/dtd/mybatis-3-mapper.dtd">
<mapper namespace="com.dorm.mapper.RepairMapper">

    <resultMap id="RepairResultMap" type="Repair">
        <id property="id" column="id"/>
        <result property="studentId" column="student_id"/>
        <result property="dormId" column="dorm_id"/>
        <result property="type" column="type"/>
        <result property="description" column="description"/>
        <result property="status" column="status"/>
        <result property="createTime" column="create_time"/>
        <result property="updateTime" column="update_time"/>
        <result property="handlerId" column="handler_id"/>
    </resultMap>

    <insert id="insert" parameterType="Repair" useGeneratedKeys="true" keyProperty="id">
        INSERT INTO repair(student_id, dorm_id, type, description, status)
        VALUES (#{studentId}, #{dormId}, #{type}, #{description}, #{status})
    </insert>

    <select id="findByStudentId" parameterType="int" resultMap="RepairResultMap">
        SELECT * FROM repair WHERE student_id = #{studentId} ORDER BY create_time DESC
    </select>

    <!-- 管理员查看所有报修，并关联学生与宿舍 -->
    <resultMap id="RepairWithStudentDormResultMap" type="Repair" extends="RepairResultMap">
        <association property="student" javaType="Student">
            <id property="id" column="s_id"/>
            <result property="stuNo" column="stu_no"/>
            <result property="name" column="s_name"/>
        </association>
        <association property="dormRoom" javaType="DormRoom">
            <id property="id" column="d_id"/>
            <result property="roomNo" column="room_no"/>
        </association>
    </resultMap>

    <select id="findAllWithStudentDorm" resultMap="RepairWithStudentDormResultMap">
        SELECT r.*,
        s.id AS s_id,
        s.stu_no,
        s.name AS s_name,
        d.id AS d_id,
        d.room_no
        FROM repair r
        LEFT JOIN student s ON r.student_id = s.id
        LEFT JOIN dorm_room d ON r.dorm_id = d.id
        ORDER BY r.status, r.create_time DESC
    </select>

    <update id="updateStatus">
        UPDATE repair
        SET status = #{status},
        handler_id = #{handlerId},
        update_time = NOW()
        WHERE id = #{id}
    </update>

</mapper>
