<?xml version="1.0" encoding="UTF-8" ?>
<!DOCTYPE mapper
        PUBLIC "-//mybatis.org//DTD Mapper 3.0//EN"
        "http://mybatis.org/dtd/mybatis-3-mapper.dtd">
<mapper namespace="com.dorm.mapper.StudentMapper">

    <!-- 基本查询 -->
    <select id="findByStuNo" parameterType="string" resultType="Student">
        SELECT * FROM student WHERE stu_no = #{stuNo}
    </select>

    <select id="findById" parameterType="int" resultType="Student">
        SELECT * FROM student WHERE id = #{id}
    </select>

    <!-- 动态条件 + 模糊查询 -->
    <select id="searchStudents" parameterType="map" resultType="Student">
        SELECT * FROM student
        <where>
            <if test="stuNo != null and stuNo != ''">
                AND stu_no = #{stuNo}
            </if>
            <if test="name != null and name != ''">
                AND name LIKE CONCAT('%', #{name}, '%')
            </if>
            <if test="college != null and college != ''">
                AND college LIKE CONCAT('%', #{college}, '%')
            </if>
            <if test="clazz != null and clazz != ''">
                AND clazz LIKE CONCAT('%', #{clazz}, '%')
            </if>
        </where>
    </select>

    <insert id="insertStudent" parameterType="Student" useGeneratedKeys="true" keyProperty="id">
        INSERT INTO student(stu_no, password, name, gender, college, clazz, phone, dorm_id, bed_no)
        VALUES (#{stuNo}, #{password}, #{name}, #{gender}, #{college}, #{clazz}, #{phone}, #{dormId}, #{bedNo})
    </insert>

    <update id="updateStudent" parameterType="Student">
        UPDATE student
        <set>
            <if test="password != null">password = #{password},</if>
            <if test="name != null">name = #{name},</if>
            <if test="gender != null">gender = #{gender},</if>
            <if test="college != null">college = #{college},</if>
            <if test="clazz != null">clazz = #{clazz},</if>
            <if test="phone != null">phone = #{phone},</if>
            <if test="dormId != null">dorm_id = #{dormId},</if>
            <if test="bedNo != null">bed_no = #{bedNo},</if>
        </set>
        WHERE id = #{id}
    </update>

    <delete id="deleteById" parameterType="int">
        DELETE FROM student WHERE id = #{id}
    </delete>

    <!-- 关联映射：学生 + 宿舍房间 + 宿舍楼 -->
    <resultMap id="StudentWithDormResultMap" type="Student">
        <id property="id" column="id"/>
        <result property="stuNo" column="stu_no"/>
        <result property="password" column="password"/>
        <result property="name" column="name"/>
        <result property="gender" column="gender"/>
        <result property="college" column="college"/>
        <result property="clazz" column="clazz"/>
        <result property="phone" column="phone"/>
        <result property="dormId" column="dorm_id"/>
        <result property="bedNo" column="bed_no"/>

        <association property="dormRoom" javaType="DormRoom">
            <id property="id" column="d_id"/>
            <result property="buildingId" column="building_id"/>
            <result property="roomNo" column="room_no"/>
            <result property="bedCount" column="bed_count"/>
            <result property="occupiedCount" column="occupied_count"/>
            <result property="status" column="d_status"/>
        </association>
    </resultMap>

    <!-- 学生+宿舍联表查询，用于“我的宿舍” -->
    <select id="findWithDormByStuNo" parameterType="string"
            resultMap="StudentWithDormResultMap">
        SELECT s.*,
        d.id AS d_id,
        d.building_id,
        d.room_no,
        d.bed_count,
        d.occupied_count,
        d.status AS d_status
        FROM student s
        LEFT JOIN dorm_room d ON s.dorm_id = d.id
        WHERE s.stu_no = #{stuNo}
    </select>

</mapper>
