<?xml version="1.0" encoding="UTF-8" ?>
<!DOCTYPE configuration
        PUBLIC "-//mybatis.org//DTD Config 3.0//EN"
        "http://mybatis.org/dtd/mybatis-3-config.dtd">
<configuration>
    <typeAliases>
        <typeAlias type="com.dorm.entity.Admin" alias="Admin"/>
        <typeAlias type="com.dorm.entity.Student" alias="Student"/>
        <typeAlias type="com.dorm.entity.Building" alias="Building"/>
        <typeAlias type="com.dorm.entity.DormRoom" alias="DormRoom"/>
        <typeAlias type="com.dorm.entity.Repair" alias="Repair"/>
    </typeAliases>
    <mappers>
        <mapper resource="mapper/AdminMapper.xml"/>
        <mapper resource="mapper/StudentMapper.xml"/>
        <mapper resource="mapper/BuildingMapper.xml"/>
        <mapper resource="mapper/DormRoomMapper.xml"/>
        <mapper resource="mapper/RepairMapper.xml"/>
    </mappers>
</configuration>
